Size,IsPublic,GFA,AirconFA,Occupancy,ChillerType,ChillerAge,ChillerEff,ChillerAudit,LED,EUI,Age,TotalEnergy,NonAirconFA
Large,No,48688.0,33594.72,96.0,Water Cooled Chilled Water Plant,7.0,0.59,5.0,50.0,169.3,29.0,8242.88,15093.28
Large,No,15769.0,14192.1,93.0,Water Cooled Chilled Water Plant,4.0,0.65,1.0,50.0,202.8,19.0,3197.95,1576.9
Small,No,7372.0,7150.84,90.0,"Others (Split Units, Unitary Systems)",4.0,,,3.0,277.9,38.0,2048.68,221.16
Small,Yes,5199.0,4211.19,90.0,"Others (Split Units, Unitary Systems)",4.0,,,20.0,215.1,14.0,1118.3,987.81
Large,Yes,19765.0,16207.3,60.0,Water Cooled Chilled Water Plant,3.0,0.67,1.0,21.0,127.2,19.0,2514.11,3557.7
Small,No,2206.0,1742.74,96.0,"Others (Split Units, Unitary Systems)",6.0,,,0.0,184.3,35.0,406.57,463.26
Small,No,5030.0,4024.0,100.0,"Others (Split Units, Unitary Systems)",6.0,,,5.0,171.2,7.0,861.14,1006.0
Small,No,3225.0,2289.75,100.0,"Others (Split Units, Unitary Systems)",3.0,,,5.0,105.9,44.0,341.53,935.25
Small,No,5824.0,4076.8,77.0,Air Cooled Chilled Water Plant,23.0,,,30.0,185.6,25.0,1080.93,1747.2
Small,No,4331.0,2945.08,80.0,"Others (Split Units, Unitary Systems)",1.0,,,0.0,78.7,22.0,340.85,1385.92
Small,No,1086.0,749.34,100.0,"Others (Split Units, Unitary Systems)",3.0,,,0.0,86.0,41.0,93.4,336.66
Small,No,10418.0,10418.0,90.0,Water Cooled Chilled Water Plant,38.0,0.8,1.0,90.0,158.4,43.0,1650.21,0.0
Large,No,42976.0,35670.08,75.0,District Cooling Plant,11.0,,,5.0,164.3,7.0,7060.96,7305.92
Small,No,1865.0,1156.3,100.0,"Others (Split Units, Unitary Systems)",5.0,,,5.0,220.5,14.0,411.23,708.7
Small,No,7526.0,7526.0,95.0,Water Cooled Chilled Water Plant,21.0,1.03,9.0,25.0,252.6,24.0,1901.07,0.0
Large,No,32079.0,20209.77,100.0,Water Cooled Chilled Water Plant,13.0,0.83,4.0,33.0,320.2,29.0,10271.7,11869.23
Large,Yes,26137.0,24307.41,95.0,Air Cooled Chilled Water Plant,16.0,,,40.0,209.0,19.0,5462.63,1829.59
Large,Yes,27069.0,16241.4,100.0,Water Cooled Chilled Water Plant,3.0,0.54,3.0,95.0,132.7,6.0,3592.06,10827.6
Large,Yes,32034.0,26267.88,80.0,Water Cooled Chilled Water Plant,7.0,0.65,4.0,90.0,134.4,28.0,4305.37,5766.12
Large,No,16122.0,11446.62,91.0,Water Cooled Chilled Water Plant,7.0,0.88,1.0,15.0,147.0,33.0,2369.93,4675.38
Small,No,7200.0,7200.0,90.0,Water Cooled Chilled Water Plant,10.0,,,41.0,133.0,43.0,957.6,0.0
Large,No,62392.0,58024.56,90.0,Water Cooled Chilled Water Plant,3.0,0.65,7.0,40.0,133.5,26.0,8329.33,4367.44
Small,No,4192.0,4192.0,100.0,Water Cooled Chilled Water Plant,10.0,,,0.0,195.2,34.0,818.28,0.0
Small,No,7040.0,3590.4,75.0,"Others (Split Units, Unitary Systems)",7.0,,,52.0,247.8,9.0,1744.51,3449.6
Small,No,6521.0,5803.69,100.0,"Others (Split Units, Unitary Systems)",8.0,,,70.0,272.1,9.0,1774.36,717.31
Large,No,17828.0,14618.96,100.0,Air Cooled Chilled Water Plant,3.0,0.94,1.0,15.0,266.0,24.0,4742.25,3209.04
Small,No,3181.0,2449.37,100.0,"Others (Split Units, Unitary Systems)",3.0,,,35.0,295.8,26.0,940.94,731.63
Small,No,3722.0,2493.74,100.0,"Others (Split Units, Unitary Systems)",4.0,,,0.0,147.2,18.0,547.88,1228.26
Large,Yes,49327.0,29596.2,90.0,Water Cooled Chilled Water Plant,15.0,,,0.0,187.4,16.0,9243.88,19730.8
Large,Yes,40312.0,13706.08,78.0,Water Cooled Chilled Water Plant,18.0,,,0.0,121.9,19.0,4914.03,26605.92
Large,Yes,35533.0,26649.75,90.0,Water Cooled Chilled Water Plant,1.0,0.59,2.0,85.0,219.8,15.0,7810.15,8883.25
Small,No,1174.0,892.24,100.0,"Others (Split Units, Unitary Systems)",1.0,,,20.0,316.4,13.0,371.45,281.76
Small,No,10471.0,7224.99,85.0,"Others (Split Units, Unitary Systems)",6.0,,,50.0,249.8,38.0,2615.66,3246.01
Small,No,1943.0,1845.85,100.0,"Others (Split Units, Unitary Systems)",1.0,,,0.0,238.5,15.0,463.41,97.15
Small,No,1943.0,1845.85,100.0,"Others (Split Units, Unitary Systems)",6.0,,,0.0,180.5,21.0,350.71,97.15
Small,No,11908.0,9169.16,100.0,Water Cooled Chilled Water Plant,30.0,,,10.0,249.8,33.0,2974.62,2738.84
Small,No,5274.0,4693.86,100.0,"Others (Split Units, Unitary Systems)",9.0,,,0.0,174.2,9.0,918.73,580.14
Large,No,41135.0,34964.75,70.0,Water Cooled Chilled Water Plant,7.0,,,10.0,106.9,9.0,4397.33,6170.25
Small,No,2699.0,2051.24,100.0,"Others (Split Units, Unitary Systems)",7.0,,,0.0,473.8,42.0,1278.79,647.76
Large,No,28378.0,27810.44,84.0,Water Cooled Chilled Water Plant,2.0,0.6,,75.0,118.1,18.0,3351.44,567.56
Small,No,1939.0,1939.0,100.0,"Others (Split Units, Unitary Systems)",2.0,,,0.0,120.7,23.0,234.04,0.0
Large,No,31031.0,25755.73,80.0,Water Cooled Chilled Water Plant,19.0,,,0.0,169.9,21.0,5272.17,5275.27
Small,No,8625.0,86.25,95.0,"Others (Split Units, Unitary Systems)",0.0,,,0.0,322.1,18.0,2778.11,8538.75
Small,No,1459.0,1050.48,100.0,"Others (Split Units, Unitary Systems)",0.0,,,80.0,109.6,99.0,159.91,408.52
Small,No,7387.0,3693.5,100.0,"Others (Split Units, Unitary Systems)",3.0,,,70.0,114.1,22.0,842.86,3693.5
Large,No,33599.0,26879.2,98.0,Water Cooled Chilled Water Plant,8.0,0.61,3.0,0.0,170.4,9.0,5725.27,6719.8
Small,No,11520.0,10252.8,95.0,"Others (Split Units, Unitary Systems)",8.0,,,0.0,205.2,9.0,2363.9,1267.2
Large,No,61153.0,61153.0,93.0,Water Cooled Chilled Water Plant,2.0,0.58,2.0,19.0,243.0,4.0,14860.18,0.0
Large,Yes,41499.0,27389.34,100.0,Water Cooled Chilled Water Plant,0.0,0.63,3.0,4.0,141.7,18.0,5880.41,14109.66
Large,No,17306.0,15056.22,95.0,Water Cooled Chilled Water Plant,15.0,1.05,7.0,0.0,173.7,29.0,3006.05,2249.78
Small,No,8946.0,7961.94,100.0,Water Cooled Chilled Water Plant,4.0,0.8,1.0,5.0,281.9,21.0,2521.88,984.06
Small,No,1078.0,625.24,100.0,"Others (Split Units, Unitary Systems)",12.0,,,21.0,138.4,32.0,149.2,452.76
Small,No,4550.0,4095.0,90.0,Air Cooled Chilled Water Plant,12.0,1.1,16.0,0.0,165.3,27.0,752.12,455.0
Small,Yes,4745.0,3416.4,100.0,Air Cooled Chilled Water Plant,9.0,,,10.0,229.5,24.0,1088.98,1328.6
Large,Yes,15551.0,13840.39,89.0,Water Cooled Chilled Water Plant,6.0,,,10.0,401.0,21.0,6235.95,1710.61
Small,No,14671.0,13203.9,100.0,Water Cooled Chilled Water Plant,3.0,0.55,5.0,0.0,157.2,8.0,2306.28,1467.1
Small,No,1671.0,1186.41,77.0,"Others (Split Units, Unitary Systems)",10.0,,,0.0,114.0,11.0,190.49,484.59
Small,No,1700.0,1394.0,70.0,"Others (Split Units, Unitary Systems)",4.0,,,0.0,46.7,2.0,79.39,306.0
Small,No,11950.0,8962.5,95.0,Water Cooled Chilled Water Plant,32.0,,,0.0,130.5,34.0,1559.48,2987.5
Large,No,28421.0,23589.43,97.0,Water Cooled Chilled Water Plant,3.0,0.6,4.0,100.0,112.9,24.0,3208.73,4831.57
Large,No,35395.0,29023.9,88.0,Water Cooled Chilled Water Plant,20.0,1.08,1.0,20.0,186.3,21.0,6594.09,6371.1
Small,No,9673.0,7254.75,90.0,Air Cooled Chilled Water Plant,2.0,1.1,,20.0,199.5,20.0,1929.76,2418.25
Large,No,16654.0,6661.6,100.0,"Others (Split Units, Unitary Systems)",5.0,,,0.0,94.0,27.0,1565.48,9992.4
Small,No,9000.0,8190.0,100.0,"Others (Split Units, Unitary Systems)",10.0,,,10.0,208.5,19.0,1876.5,810.0
Large,No,17815.0,16033.5,95.0,"Others (Split Units, Unitary Systems)",17.0,0.72,1.0,0.0,201.8,19.0,3595.07,1781.5
Large,Yes,49021.0,30393.02,100.0,Water Cooled Chilled Water Plant,5.0,0.58,2.0,61.0,134.3,33.0,6583.52,18627.98
Small,No,2785.0,1030.45,45.0,"Others (Split Units, Unitary Systems)",3.0,,,50.0,350.0,6.0,974.75,1754.55
Large,No,39149.0,35234.1,90.0,Water Cooled Chilled Water Plant,16.0,,,48.0,229.0,16.0,8965.12,3914.9
Large,Yes,53422.0,20834.58,85.0,Water Cooled Chilled Water Plant,1.0,,,23.0,42.5,24.0,2270.44,32587.42
Large,No,29964.0,28465.8,95.0,Water Cooled Chilled Water Plant,13.0,,,15.0,314.5,15.0,9423.68,1498.2
Large,No,15153.0,12425.46,70.0,Water Cooled Chilled Water Plant,15.0,,,0.0,174.3,36.0,2641.17,2727.54
Large,No,16105.0,16105.0,90.0,"Others (Split Units, Unitary Systems)",9.0,,,20.0,268.3,26.0,4320.97,0.0
Small,No,4482.0,3361.5,100.0,Air Cooled Chilled Water Plant,21.0,,,15.0,204.9,21.0,918.36,1120.5
Small,No,2807.0,1487.71,75.0,"Others (Split Units, Unitary Systems)",5.0,,,0.0,91.6,56.0,257.12,1319.29
Small,No,2647.0,2647.0,80.0,"Others (Split Units, Unitary Systems)",20.0,,,0.0,152.3,23.0,403.14,0.0
Small,No,7783.0,5837.25,97.0,Air Cooled Chilled Water Plant,8.0,,,25.0,304.7,9.0,2371.48,1945.75
Large,Yes,37819.0,37819.0,100.0,Water Cooled Chilled Water Plant,2.0,,,17.0,329.6,21.0,12465.14,0.0
Small,No,4129.0,4129.0,100.0,"Others (Split Units, Unitary Systems)",4.0,,,0.0,299.1,20.0,1234.98,0.0
Small,No,1965.0,1965.0,100.0,"Others (Split Units, Unitary Systems)",2.0,,,7.0,192.4,19.0,378.07,0.0
Small,Yes,14647.0,12742.89,100.0,Water Cooled Chilled Water Plant,8.0,0.76,,0.0,146.6,9.0,2147.25,1904.11
Large,No,36800.0,33856.0,90.0,Water Cooled Chilled Water Plant,10.0,,,0.0,255.3,39.0,9395.04,2944.0
Small,No,1827.0,1151.01,100.0,"Others (Split Units, Unitary Systems)",4.0,,,0.0,236.3,15.0,431.72,675.99
Large,No,17034.0,16011.96,95.0,Water Cooled Chilled Water Plant,18.0,,,0.0,267.2,33.0,4551.48,1022.04
Large,No,18451.0,13469.23,95.0,Water Cooled Chilled Water Plant,3.0,0.64,5.0,30.0,168.3,21.0,3105.3,4981.77
Large,No,21055.0,16001.8,95.0,Water Cooled Chilled Water Plant,1.0,0.6,3.0,10.0,151.7,27.0,3194.04,5053.2
Small,Yes,7860.0,5895.0,100.0,"Others (Split Units, Unitary Systems)",9.0,,,0.0,62.9,15.0,494.39,1965.0
Small,No,8675.0,6940.0,65.0,Water Cooled Chilled Water Plant,19.0,,,0.0,160.8,44.0,1394.94,1735.0
Large,No,16608.0,16608.0,98.0,Water Cooled Chilled Water Plant,17.0,,,0.0,153.0,43.0,2541.02,0.0
Large,Yes,58824.0,43529.76,100.0,Water Cooled Chilled Water Plant,12.0,0.86,5.0,2.0,153.5,13.0,9029.48,15294.24
Small,No,13128.0,8927.04,75.0,Water Cooled Chilled Water Plant,18.0,0.82,,0.0,409.6,22.0,5377.23,4200.96
Large,Yes,17137.0,16794.26,100.0,Air Cooled Chilled Water Plant,30.0,0.94,3.0,0.0,121.4,92.0,2080.43,342.74
Small,No,2644.0,2644.0,100.0,"Others (Split Units, Unitary Systems)",4.0,,,5.0,278.0,39.0,735.03,0.0
Small,No,4736.0,4736.0,60.0,"Others (Split Units, Unitary Systems)",18.0,,,5.0,188.2,35.0,891.32,0.0
Large,No,15480.0,15480.0,95.0,"Others (Split Units, Unitary Systems)",17.0,,,10.0,366.5,65.0,5673.42,0.0
Small,No,1058.0,804.08,90.0,"Others (Split Units, Unitary Systems)",0.0,,,0.0,211.0,20.0,223.24,253.92
Large,No,47744.0,43924.48,96.0,Water Cooled Chilled Water Plant,8.0,0.7,8.0,25.0,266.5,38.0,12723.78,3819.52
Small,No,2013.0,1248.06,100.0,"Others (Split Units, Unitary Systems)",10.0,,,10.0,187.6,16.0,377.64,764.94
Large,No,16222.0,13302.04,85.0,Water Cooled Chilled Water Plant,2.0,0.68,1.0,10.0,126.7,36.0,2055.33,2919.96
Large,Yes,38240.0,37092.8,96.0,Water Cooled Chilled Water Plant,5.0,0.63,1.0,2.0,215.3,13.0,8233.07,1147.2
Large,No,34736.0,27788.8,96.0,Water Cooled Chilled Water Plant,3.0,0.9,5.0,30.0,193.2,33.0,6711.0,6947.2
Large,No,23236.0,18356.44,97.0,Water Cooled Chilled Water Plant,11.0,,,0.0,251.4,26.0,5841.53,4879.56
Small,No,6521.0,5216.8,95.0,Water Cooled Chilled Water Plant,14.0,,,0.0,224.8,40.0,1465.92,1304.2
Small,No,10852.0,8356.04,90.0,Water Cooled Chilled Water Plant,4.0,0.62,5.0,28.0,218.6,20.0,2372.25,2495.96
Small,No,4027.0,3946.46,100.0,"Others (Split Units, Unitary Systems)",7.0,,,28.0,207.0,10.0,833.59,80.54
Small,Yes,2720.0,1958.4,100.0,"Others (Split Units, Unitary Systems)",2.0,,,0.0,101.1,44.0,274.99,761.6
Small,Yes,6898.0,1241.64,85.0,"Others (Split Units, Unitary Systems)",8.0,,,0.0,111.7,9.0,770.51,5656.36
Large,No,25021.0,20767.43,98.0,Water Cooled Chilled Water Plant,20.0,0.59,3.0,80.0,189.0,33.0,4728.97,4253.57
Small,No,6359.0,5532.33,100.0,Air Cooled Chilled Water Plant,1.0,,,1.0,151.3,16.0,962.12,826.67
Large,No,35657.0,32804.44,100.0,Water Cooled Chilled Water Plant,8.0,0.64,2.0,0.0,215.2,9.0,7673.39,2852.56
Small,No,5000.0,3500.0,98.0,Water Cooled Chilled Water Plant,4.0,,,10.0,118.3,26.0,591.5,1500.0
Small,No,10580.0,10051.0,98.0,"Others (Split Units, Unitary Systems)",4.0,,,20.0,205.1,22.0,2169.96,529.0
Small,No,11977.0,9940.91,90.0,"Others (Split Units, Unitary Systems)",5.0,,,0.0,224.9,9.0,2693.63,2036.09
Small,No,1757.0,1019.06,85.0,"Others (Split Units, Unitary Systems)",0.0,,,0.0,149.0,20.0,261.79,737.94
Small,No,10917.0,7969.41,96.0,Water Cooled Chilled Water Plant,30.0,,,0.0,197.5,32.0,2156.11,2947.59
Small,No,2372.0,1612.96,65.0,"Others (Split Units, Unitary Systems)",8.0,,,20.0,135.6,9.0,321.64,759.04
Small,No,4225.0,3253.25,97.0,Water Cooled Chilled Water Plant,1.0,0.64,2.0,0.0,223.0,27.0,942.18,971.75
Small,No,13121.0,12596.16,100.0,Water Cooled Chilled Water Plant,4.0,0.67,2.0,2.0,264.4,5.0,3469.19,524.84
Large,No,47410.0,32712.9,90.0,District Cooling Plant,5.35,,,10.0,131.9,16.0,6253.38,14697.1
Small,No,1016.0,995.68,100.0,"Others (Split Units, Unitary Systems)",8.0,,,0.0,340.7,20.0,346.15,20.32
Large,No,51282.0,41025.6,93.0,District Cooling Plant,0.0,,,0.0,126.6,8.0,6492.3,10256.4
Large,No,51661.0,41845.41,89.0,Water Cooled Chilled Water Plant,10.0,0.71,,17.0,210.2,14.0,10859.14,9815.59
Small,No,11254.0,11254.0,99.0,"Others (Split Units, Unitary Systems)",2.0,,,100.0,376.6,27.0,4238.26,0.0
Large,No,23418.0,21544.56,98.0,Water Cooled Chilled Water Plant,7.0,0.65,2.0,0.0,205.3,9.0,4807.72,1873.44
Large,No,25879.0,19926.83,100.0,Water Cooled Chilled Water Plant,12.0,0.72,2.0,10.0,226.4,36.0,5859.01,5952.17
Small,No,11427.0,9827.22,96.0,Air Cooled Chilled Water Plant,1.0,0.63,,0.0,219.4,18.0,2507.08,1599.78
Small,No,1175.0,998.75,100.0,"Others (Split Units, Unitary Systems)",6.0,,,0.0,86.6,90.0,101.76,176.25
Small,No,2602.0,1821.4,75.0,"Others (Split Units, Unitary Systems)",9.0,,,0.0,60.7,56.0,157.94,780.6
Small,No,4359.0,3312.84,93.0,"Others (Split Units, Unitary Systems)",1.0,,,5.0,151.7,34.0,661.26,1046.16
Small,No,5934.0,771.42,90.0,Water Cooled Chilled Water Plant,8.0,1.33,,20.0,157.8,30.0,936.39,5162.58
Small,No,5345.0,3794.95,100.0,"Others (Split Units, Unitary Systems)",0.0,,,90.0,206.8,1.0,1105.35,1550.05
Small,No,2121.0,1845.27,100.0,"Others (Split Units, Unitary Systems)",5.0,,,0.0,136.1,41.0,288.67,275.73
Small,No,1234.0,1234.0,100.0,"Others (Split Units, Unitary Systems)",5.0,,,0.0,96.0,11.0,118.46,0.0
Small,No,3038.0,2339.26,100.0,Air Cooled Chilled Water Plant,1.0,,,100.0,149.4,27.0,453.88,698.74
Large,No,24707.0,17541.97,100.0,Air Cooled Chilled Water Plant,12.0,1.58,3.0,0.0,109.1,13.0,2695.53,7165.03
Small,No,2295.0,1858.95,100.0,"Others (Split Units, Unitary Systems)",7.0,,,0.0,313.6,19.0,719.71,436.05
Large,No,16815.0,9920.85,97.0,Water Cooled Chilled Water Plant,2.0,,,0.0,120.4,33.0,2024.53,6894.15
Large,No,61720.0,59251.2,80.0,Water Cooled Chilled Water Plant,19.0,,,0.0,142.8,21.0,8813.62,2468.8
Small,No,4859.0,2089.37,90.0,Water Cooled Chilled Water Plant,8.0,0.99,2.0,100.0,297.9,35.0,1447.5,2769.63
Small,Yes,5147.0,4683.77,100.0,"Others (Split Units, Unitary Systems)",20.0,,,0.0,220.7,52.0,1135.94,463.23
Large,No,15740.0,12749.4,81.0,Water Cooled Chilled Water Plant,15.0,,,0.0,220.3,18.0,3467.52,2990.6
Large,Yes,20866.0,13771.56,100.0,"Others (Split Units, Unitary Systems)",1.0,,,10.0,72.2,40.0,1506.53,7094.44
Small,Yes,6120.0,1530.0,100.0,"Others (Split Units, Unitary Systems)",2.0,,,0.0,46.4,58.0,283.97,4590.0
Small,Yes,3289.0,2170.74,100.0,"Others (Split Units, Unitary Systems)",6.0,,,0.0,91.7,58.0,301.6,1118.26
Large,Yes,51479.0,30372.61,100.0,Water Cooled Chilled Water Plant,3.0,0.61,2.0,1.0,207.7,18.0,10692.19,21106.39
Small,No,2340.0,1778.4,90.0,"Others (Split Units, Unitary Systems)",0.0,,,10.0,149.4,19.0,349.6,561.6
Small,No,1148.0,872.48,70.0,"Others (Split Units, Unitary Systems)",8.0,,,0.0,121.5,42.0,139.48,275.52
Large,No,15267.0,14503.65,90.0,Water Cooled Chilled Water Plant,1.0,0.65,,40.0,348.9,28.0,5326.66,763.35
Small,No,2013.0,1731.18,100.0,"Others (Split Units, Unitary Systems)",0.0,,,0.0,241.2,16.0,485.54,281.82
Small,No,4259.0,0.0,95.0,"Others (Split Units, Unitary Systems)",0.0,,,0.0,142.8,24.0,608.19,4259.0
Small,No,2477.0,1634.82,62.0,"Others (Split Units, Unitary Systems)",16.0,,,0.0,224.8,118.0,556.83,842.18
Small,No,10403.0,8322.4,95.0,Air Cooled Chilled Water Plant,4.0,,,0.0,190.5,23.0,1981.77,2080.6
Small,No,3876.0,2635.68,100.0,"Others (Split Units, Unitary Systems)",16.0,,,0.0,245.2,36.0,950.4,1240.32
Large,No,67370.0,51874.9,97.0,Water Cooled Chilled Water Plant,14.0,1.1,6.0,0.0,183.7,16.0,12375.87,15495.1
Large,No,41363.0,28126.84,84.0,Water Cooled Chilled Water Plant,18.0,1.27,5.0,0.0,246.2,20.0,10183.57,13236.16
Large,No,27562.0,27010.76,94.0,Water Cooled Chilled Water Plant,2.0,0.62,4.0,90.0,178.2,13.0,4911.55,551.24
Large,No,37129.0,25619.01,98.0,Water Cooled Chilled Water Plant,6.0,,,25.0,242.5,25.0,9003.78,11509.99
Small,No,6832.0,6353.76,90.0,Air Cooled Chilled Water Plant,6.0,1.05,,0.0,270.2,22.0,1846.01,478.24
Small,No,10000.0,8000.0,100.0,Water Cooled Chilled Water Plant,9.0,,,85.0,182.6,45.0,1826.0,2000.0
Small,No,11291.0,10613.54,7.0,Water Cooled Chilled Water Plant,1.0,0.7,1.0,5.0,315.6,21.0,3563.44,677.46
Large,No,20180.0,12915.2,100.0,Water Cooled Chilled Water Plant,8.0,1.05,5.0,10.0,134.4,34.0,2712.19,7264.8
Small,No,11047.0,8837.6,100.0,Water Cooled Chilled Water Plant,6.0,0.7,2.0,30.0,383.8,32.0,4239.84,2209.4
Large,No,22518.0,18014.4,100.0,Water Cooled Chilled Water Plant,6.0,0.73,2.0,40.0,196.0,22.0,4413.53,4503.6
Small,No,5874.0,1997.16,20.0,"Others (Split Units, Unitary Systems)",2.0,,,0.0,145.6,3.0,855.25,3876.84
Small,No,12767.0,10341.27,95.0,District Cooling Plant,5.35,,,44.0,158.1,4.0,2018.46,2425.73
Large,No,23546.0,21897.78,95.0,Water Cooled Chilled Water Plant,1.0,,,60.0,164.6,7.0,3875.67,1648.22
Large,No,20484.0,18025.92,90.0,Water Cooled Chilled Water Plant,3.0,0.64,,10.0,334.3,4.0,6847.8,2458.08
Large,No,22495.0,16646.3,80.0,District Cooling Plant,8.0,,,10.0,291.6,5.0,6559.54,5848.7
Small,No,1968.0,1889.28,69.0,"Others (Split Units, Unitary Systems)",20.0,,,8.0,156.7,28.0,308.39,78.72
Small,Yes,12709.0,9531.75,100.0,Water Cooled Chilled Water Plant,18.0,1.55,6.0,0.0,183.0,19.0,2325.75,3177.25
Large,No,18565.0,14852.0,100.0,"Others (Split Units, Unitary Systems)",9.0,,,0.0,200.8,9.0,3727.85,3713.0
Small,No,9374.0,7592.94,92.0,"Others (Split Units, Unitary Systems)",9.0,,,0.0,168.4,11.0,1578.58,1781.06
Small,No,2066.0,1342.9,92.0,Water Cooled Chilled Water Plant,2.0,,,0.0,107.1,28.0,221.27,723.1
Small,Yes,3062.0,2755.8,100.0,"Others (Split Units, Unitary Systems)",5.0,,,0.0,101.9,17.0,312.02,306.2
Small,No,1331.0,1131.35,80.0,"Others (Split Units, Unitary Systems)",16.0,,,40.0,246.0,22.0,327.43,199.65
Large,No,27810.0,19188.9,95.0,Water Cooled Chilled Water Plant,11.0,0.8,3.0,0.0,362.7,32.0,10086.69,8621.1
Small,No,2093.0,2093.0,100.0,"Others (Split Units, Unitary Systems)",5.0,,,3.0,302.6,7.0,633.34,0.0
Small,Yes,10678.0,8969.52,100.0,Water Cooled Chilled Water Plant,11.0,,,70.0,248.4,31.0,2652.42,1708.48
Large,No,43367.0,30356.9,94.0,Water Cooled Chilled Water Plant,18.0,,,20.0,248.6,43.0,10781.04,13010.1
Small,No,1980.0,1584.0,95.0,"Others (Split Units, Unitary Systems)",6.0,0.75,1.0,0.0,158.7,7.0,314.23,396.0
Small,No,4880.0,4489.6,5.0,Air Cooled Chilled Water Plant,20.0,,,0.0,62.0,25.0,302.56,390.4
Large,Yes,55206.0,40852.44,100.0,Water Cooled Chilled Water Plant,0.0,1.13,4.0,35.0,139.3,33.0,7690.2,14353.56
Large,Yes,15423.0,8791.11,100.0,Water Cooled Chilled Water Plant,14.0,,,1.0,188.6,17.0,2908.78,6631.89
Small,No,2099.0,2057.02,85.0,"Others (Split Units, Unitary Systems)",6.0,,,0.0,329.5,29.0,691.62,41.98
Large,No,48302.0,41056.7,99.0,"Others (Split Units, Unitary Systems)",0.0,,,17.0,174.3,15.0,8419.04,7245.3
Large,No,30915.0,25659.45,88.0,Water Cooled Chilled Water Plant,20.0,0.85,,99.0,171.9,21.0,5314.29,5255.55
Small,No,8908.0,8908.0,100.0,Water Cooled Chilled Water Plant,1.0,0.58,,10.0,305.4,20.0,2720.5,0.0
Large,Yes,17226.0,15675.66,95.0,Water Cooled Chilled Water Plant,4.0,0.62,2.0,56.0,449.1,17.0,7736.2,1550.34
Small,No,3000.0,2490.0,85.0,"Others (Split Units, Unitary Systems)",5.0,,,0.0,172.0,27.0,516.0,510.0
Large,No,55092.0,31402.44,100.0,Water Cooled Chilled Water Plant,0.0,0.81,6.0,20.0,212.1,20.0,11685.01,23689.56
Small,No,3086.0,3086.0,100.0,Water Cooled Chilled Water Plant,12.0,,,0.0,388.1,35.0,1197.68,0.0
Small,Yes,8214.0,5667.66,70.0,Water Cooled Chilled Water Plant,19.0,,,4.0,362.6,21.0,2978.4,2546.34
Large,Yes,58783.0,58783.0,85.0,Water Cooled Chilled Water Plant,8.0,0.81,2.0,48.0,221.3,13.0,13008.68,0.0
Large,No,24089.0,23607.22,100.0,Water Cooled Chilled Water Plant,7.0,0.65,3.0,0.0,228.5,9.0,5504.34,481.78
Small,No,4164.0,3997.44,60.0,"Others (Split Units, Unitary Systems)",2.0,,,0.0,127.5,4.0,530.91,166.56
Small,Yes,1314.0,1195.74,100.0,"Others (Split Units, Unitary Systems)",5.0,,,0.0,156.0,6.0,204.98,118.26
Large,Yes,16262.0,15448.9,75.0,District Cooling Plant,20.0,,,85.0,102.0,15.0,1658.72,813.1
Large,Yes,15996.0,14076.48,100.0,District Cooling Plant,20.0,,,85.0,133.8,18.0,2140.26,1919.52
Large,Yes,19040.0,14089.6,80.0,District Cooling Plant,0.0,,,85.0,102.3,17.0,1947.79,4950.4
Large,Yes,33123.0,26167.17,100.0,Water Cooled Chilled Water Plant,4.0,,,0.0,286.7,3.0,9496.36,6955.83
Large,Yes,28800.0,21024.0,84.0,Water Cooled Chilled Water Plant,4.0,0.65,,75.0,303.0,6.0,8726.4,7776.0
Large,Yes,22485.0,11692.2,65.0,Water Cooled Chilled Water Plant,1.0,0.6,,32.0,157.0,4.0,3530.14,10792.8
Large,Yes,56527.0,54265.92,85.0,Water Cooled Chilled Water Plant,14.0,0.9,9.0,0.0,141.9,18.0,8021.18,2261.08
Large,Yes,26248.0,9711.76,40.0,"Others (Split Units, Unitary Systems)",4.0,,,0.0,67.7,43.0,1776.99,16536.24
Large,No,68836.0,59887.32,80.0,Water Cooled Chilled Water Plant,11.0,0.66,1.0,20.0,104.4,41.0,7186.48,8948.68
Large,No,28602.0,21737.52,80.0,Water Cooled Chilled Water Plant,6.0,0.61,,0.0,163.3,17.0,4670.71,6864.48
Large,No,28533.0,25965.03,75.0,Water Cooled Chilled Water Plant,1.0,0.55,2.0,80.0,161.3,23.0,4602.37,2567.97
Small,No,9014.0,1983.08,10.0,"Others (Split Units, Unitary Systems)",2.0,,,0.0,101.7,4.0,916.72,7030.92
Small,No,2500.0,2000.0,100.0,"Others (Split Units, Unitary Systems)",10.0,,,0.0,38.1,47.0,95.25,500.0
Large,No,19225.0,15380.0,60.0,District Cooling Plant,16.0,,,0.0,93.6,16.0,1799.46,3845.0
Large,No,18122.0,13953.94,80.0,District Cooling Plant,16.0,,,45.0,114.4,18.0,2073.16,4168.06
Large,No,32504.0,25028.08,97.0,District Cooling Plant,7.0,,,70.0,168.8,9.0,5486.68,7475.92
Large,No,21167.0,17991.95,100.0,District Cooling Plant,9.0,,,30.0,381.8,9.0,8081.56,3175.05
Large,No,16450.0,16285.5,95.0,Water Cooled Chilled Water Plant,40.0,,,0.0,185.3,49.0,3048.18,164.5
Large,Yes,37923.0,29959.17,100.0,"Others (Split Units, Unitary Systems)",4.0,,,0.0,226.5,21.0,8589.56,7963.83
Small,Yes,4551.0,1683.87,100.0,"Others (Split Units, Unitary Systems)",8.0,,,0.0,309.1,28.0,1406.71,2867.13
Small,Yes,9938.0,5465.9,100.0,Water Cooled Chilled Water Plant,7.0,0.63,2.0,0.0,210.9,27.0,2095.92,4472.1
Large,No,68839.0,58513.15,98.0,Water Cooled Chilled Water Plant,2.0,0.65,2.0,25.0,184.4,1.0,12693.91,10325.85
Small,No,5295.0,5295.0,78.0,"Others (Split Units, Unitary Systems)",4.0,,,60.0,37.7,5.0,199.62,0.0
Large,No,23977.0,21339.53,90.0,Water Cooled Chilled Water Plant,1.0,,,90.0,307.2,22.0,7365.73,2637.47
Small,No,7816.0,4767.76,87.0,"Others (Split Units, Unitary Systems)",0.0,,,0.0,304.0,24.0,2376.06,3048.24
Small,No,7816.0,4767.76,68.0,"Others (Split Units, Unitary Systems)",0.0,,,0.0,167.8,24.0,1311.52,3048.24
Small,No,8900.0,8900.0,71.0,Water Cooled Chilled Water Plant,4.0,,,0.0,289.4,13.0,2575.66,0.0
Large,No,64846.0,51876.8,100.0,Water Cooled Chilled Water Plant,4.0,0.65,5.0,0.0,193.1,21.0,12521.76,12969.2
Small,No,1600.0,400.0,100.0,"Others (Split Units, Unitary Systems)",6.0,,,100.0,71.8,28.0,114.88,1200.0
Small,No,9233.0,9233.0,100.0,"Others (Split Units, Unitary Systems)",0.0,,,0.0,233.1,15.0,2152.21,0.0
Large,No,19967.0,16772.28,100.0,Water Cooled Chilled Water Plant,6.0,,,5.0,118.1,9.0,2358.1,3194.72
Small,No,3904.0,1132.16,100.0,"Others (Split Units, Unitary Systems)",15.0,,,0.0,195.3,21.0,762.45,2771.84
Small,No,2048.0,1904.64,90.0,"Others (Split Units, Unitary Systems)",1.0,,,0.0,64.5,14.0,132.1,143.36
Large,No,41840.0,38492.8,98.0,Water Cooled Chilled Water Plant,3.0,0.6,3.0,30.0,164.9,16.0,6899.42,3347.2
Small,Yes,1715.0,1543.5,95.0,"Others (Split Units, Unitary Systems)",0.0,,,0.0,138.7,33.0,237.87,171.5
Large,No,33363.0,27691.29,75.0,District Cooling Plant,3.0,,,0.0,312.2,5.0,10415.93,5671.71
Large,No,72782.0,60409.06,90.0,District Cooling Plant,6.0,,,0.0,194.1,6.0,14126.99,12372.94
Large,Yes,15200.0,12160.0,90.0,Water Cooled Chilled Water Plant,3.0,,,75.0,113.5,3.0,1725.2,3040.0
Small,No,2974.0,535.32,70.0,"Others (Split Units, Unitary Systems)",1.0,,,0.0,116.8,36.0,347.36,2438.68
Large,No,15590.0,12939.7,75.0,Water Cooled Chilled Water Plant,31.0,,,0.0,121.1,40.0,1887.95,2650.3
Small,No,14989.0,14839.11,100.0,Water Cooled Chilled Water Plant,15.0,,,50.0,337.0,17.0,5051.29,149.89
Small,No,3853.0,3275.05,70.0,"Others (Split Units, Unitary Systems)",20.0,,,0.0,124.7,22.0,480.47,577.95
Large,Yes,32860.0,4271.8,60.0,"Others (Split Units, Unitary Systems)",4.0,,,12.0,199.3,5.0,6549.0,28588.2
Large,No,22722.0,21131.46,100.0,Water Cooled Chilled Water Plant,9.0,0.8,4.0,30.0,386.0,10.0,8770.69,1590.54
Large,No,27850.0,20330.5,100.0,Water Cooled Chilled Water Plant,9.0,0.56,1.0,10.0,243.5,29.0,6781.48,7519.5
Small,No,1082.0,941.34,100.0,"Others (Split Units, Unitary Systems)",2.0,,,0.0,204.1,28.0,220.84,140.66
Small,No,2281.0,1756.37,97.0,"Others (Split Units, Unitary Systems)",4.0,,,5.0,60.6,95.0,138.23,524.63
Small,No,2154.0,1809.36,66.0,"Others (Split Units, Unitary Systems)",3.0,,,0.0,111.6,14.0,240.39,344.64
Large,No,15724.0,12893.68,83.0,Water Cooled Chilled Water Plant,18.0,0.82,5.0,4.0,210.2,21.0,3305.18,2830.32
Large,No,23533.0,21179.7,95.0,Water Cooled Chilled Water Plant,19.0,,,100.0,202.1,30.0,4756.02,2353.3
Small,Yes,5091.0,305.46,85.0,"Others (Split Units, Unitary Systems)",5.0,,,75.0,129.4,28.0,658.78,4785.54
Small,Yes,5998.0,0.0,50.0,"Others (Split Units, Unitary Systems)",17.0,,,0.0,9.3,45.0,55.78,5998.0
Small,Yes,11015.0,7820.65,100.0,"Others (Split Units, Unitary Systems)",16.0,,,50.0,182.1,17.0,2005.83,3194.35
Small,No,8838.0,8838.0,100.0,Air Cooled Chilled Water Plant,5.0,1.33,5.0,0.0,213.2,20.0,1884.26,0.0
Large,No,15847.0,14103.83,90.0,"Others (Split Units, Unitary Systems)",10.0,,,50.0,166.3,10.0,2635.36,1743.17
Large,No,52945.0,41297.1,84.0,Water Cooled Chilled Water Plant,6.0,0.88,8.0,0.0,165.5,27.0,8762.4,11647.9
Large,No,27699.0,27699.0,95.0,Water Cooled Chilled Water Plant,1.0,0.65,1.0,0.0,174.6,20.0,4836.25,0.0
Small,No,2118.0,1906.2,100.0,"Others (Split Units, Unitary Systems)",6.0,,,0.0,233.4,9.0,494.34,211.8
Small,No,3883.0,2834.59,70.0,Water Cooled Chilled Water Plant,20.0,,,0.0,148.6,3.0,577.01,1048.41
Small,Yes,10700.0,9095.0,100.0,"Others (Split Units, Unitary Systems)",1.0,,,31.0,142.5,17.0,1524.75,1605.0
Large,Yes,19761.0,10868.55,100.0,Water Cooled Chilled Water Plant,10.0,0.91,8.0,80.0,145.6,32.0,2877.2,8892.45
Large,No,21090.0,17082.9,90.0,Water Cooled Chilled Water Plant,10.0,0.88,8.0,80.0,148.8,32.0,3138.19,4007.1
Small,No,1882.0,1882.0,100.0,Water Cooled Chilled Water Plant,10.0,0.91,8.0,0.0,35.4,32.0,66.62,0.0
Small,No,11080.0,11080.0,95.0,"Others (Split Units, Unitary Systems)",17.0,,,0.0,268.1,20.0,2970.55,0.0
Small,Yes,4549.0,500.39,50.0,"Others (Split Units, Unitary Systems)",12.0,,,0.0,201.8,16.0,917.99,4048.61
Small,Yes,5834.0,700.08,50.0,"Others (Split Units, Unitary Systems)",1.0,,,0.0,56.8,16.0,331.37,5133.92
Small,No,3661.0,3661.0,100.0,"Others (Split Units, Unitary Systems)",7.0,,,0.0,276.0,25.0,1010.44,0.0
Large,Yes,20175.0,3026.25,80.0,"Others (Split Units, Unitary Systems)",5.0,,,90.0,38.8,18.0,782.79,17148.75
Large,No,27291.0,27018.09,80.0,"Others (Split Units, Unitary Systems)",19.0,0.92,3.0,100.0,456.1,20.0,12447.43,272.91
Small,No,3811.0,3201.24,75.0,"Others (Split Units, Unitary Systems)",6.0,,,0.0,206.4,25.0,786.59,609.76
Large,No,33846.0,33846.0,88.0,"Others (Split Units, Unitary Systems)",14.0,,,0.0,224.8,15.0,7608.58,0.0
Small,No,3880.0,3181.6,84.0,"Others (Split Units, Unitary Systems)",12.0,,,0.0,185.1,34.0,718.19,698.4
Small,No,7386.0,6942.84,100.0,Air Cooled Chilled Water Plant,3.0,,,0.0,75.7,19.0,559.12,443.16
Large,No,15345.0,13503.6,100.0,"Others (Split Units, Unitary Systems)",5.0,0.87,,25.0,287.6,16.0,4413.22,1841.4
Small,No,7428.0,6759.48,100.0,"Others (Split Units, Unitary Systems)",10.0,,,0.0,206.5,11.0,1533.88,668.52
Small,No,3465.0,3118.5,90.0,"Others (Split Units, Unitary Systems)",5.0,,,0.0,292.2,6.0,1012.47,346.5
Small,Yes,2289.0,1991.43,100.0,"Others (Split Units, Unitary Systems)",11.0,,,0.0,121.9,43.0,279.03,297.57
Small,No,11315.0,8825.7,97.0,Water Cooled Chilled Water Plant,1.0,,,5.0,177.6,27.0,2009.54,2489.3
Small,No,10950.0,8760.0,90.0,"Others (Split Units, Unitary Systems)",17.0,,,0.0,237.5,19.0,2600.62,2190.0
Small,No,8975.0,6551.75,100.0,"Others (Split Units, Unitary Systems)",11.0,,,0.0,329.7,28.0,2959.06,2423.25
Small,No,11380.0,11380.0,100.0,Water Cooled Chilled Water Plant,19.0,,,55.0,410.8,20.0,4674.9,0.0
Small,No,5099.0,3569.3,95.0,Water Cooled Chilled Water Plant,39.0,,,0.0,107.0,42.0,545.59,1529.7
Large,Yes,20211.0,7073.85,100.0,"Others (Split Units, Unitary Systems)",8.0,,,0.0,65.0,9.0,1313.72,13137.15
Large,No,49048.0,25995.44,90.0,Water Cooled Chilled Water Plant,1.0,0.65,2.0,8.0,267.5,25.0,13120.34,23052.56
Small,Yes,7428.0,3639.72,90.0,"Others (Split Units, Unitary Systems)",4.0,,,10.0,121.3,45.0,901.02,3788.28
Large,Yes,23278.0,22114.1,83.0,Water Cooled Chilled Water Plant,13.0,,,5.0,264.3,30.0,6152.38,1163.9
Large,Yes,15091.0,9507.33,83.0,"Others (Split Units, Unitary Systems)",13.0,,,10.0,123.9,58.0,1869.77,5583.67
Small,No,1858.0,1579.3,100.0,"Others (Split Units, Unitary Systems)",10.0,,,0.0,347.1,20.0,644.91,278.7
Small,No,2044.0,1860.04,100.0,"Others (Split Units, Unitary Systems)",0.0,,,0.0,177.9,31.0,363.63,183.96
Small,No,3406.0,3099.46,100.0,"Others (Split Units, Unitary Systems)",8.0,,,0.0,62.1,44.0,211.51,306.54
Small,No,2500.0,2325.0,100.0,"Others (Split Units, Unitary Systems)",3.0,,,0.0,196.2,48.0,490.5,175.0
Small,No,12253.0,10047.46,65.0,Water Cooled Chilled Water Plant,2.0,,,0.0,120.0,3.0,1470.36,2205.54
Small,No,4024.0,3702.08,85.0,"Others (Split Units, Unitary Systems)",5.0,,,25.0,155.1,29.0,624.12,321.92
Large,No,18275.0,18092.25,60.0,"Others (Split Units, Unitary Systems)",10.0,,,10.0,455.5,18.0,8324.26,182.75
Large,No,39649.0,36080.59,75.0,District Cooling Plant,5.0,,,0.0,128.5,4.0,5094.9,3568.41
Small,No,2636.0,1528.88,100.0,"Others (Split Units, Unitary Systems)",8.0,,,0.0,83.1,26.0,219.05,1107.12
Small,No,2900.0,2291.0,100.0,Water Cooled Chilled Water Plant,5.0,,,0.0,263.1,117.0,762.99,609.0
Large,No,29812.0,19675.92,99.0,Water Cooled Chilled Water Plant,9.0,0.87,3.0,20.0,261.6,10.0,7798.82,10136.08
